﻿{
  "_import": "/Layouts/List/Breakpoints.Medium.json",
  "breakpoints": [
    {
      "maxwidth": "318",
      "properties": {
        "itemsHeight": "150",
        "titleMaxLines": "3"
      }
    },
    {
      "maxwidth": "470",
      "properties": {
        "itemsHeight": "165",
        "titleMaxLines": "3"
      }
    },
    {
      "maxwidth": "1170",
      "properties": {
        "itemsHeight": "200",
        "titleMaxLines": "4"
      }
    },
    {
      "maxwidth": "1460",
      "properties": {
        "itemsHeight": "220",
        "titleMaxLines": "5"
      }
    },
    {
      "maxwidth": "1825",
      "properties": {
        "itemsHeight": "250",
        "titleMaxLines": "5"
      }
    },
    {
      "maxwidth": "*",
      "properties": {
        "itemsHeight": "300",
        "titleMaxLines": "5"
      }
    }
  ]
}