﻿{
  "_import": "/Layouts/List/Breakpoints.Large.json",
  "breakpoints": [
    {
      "maxwidth": "318",
      "properties": {
        "itemsHeight": "150",
        "imageWidth": "110",
        "titleMaxLines": "3",
        "leftMarginTitleBox": "4,4,4,0",
        "leftMarginSubTitleBox": "4,4,4,4"
      }
    },
    {
      "maxwidth": "470",
      "properties": {
        "itemsHeight": "165",
        "imageWidth": "139",
        "titleMaxLines": "4",
        "leftMarginTitleBox": "6,6,6,0",
        "leftMarginSubTitleBox": "6,6,6,6"
      }
    },
    {
      "maxwidth": "1053",
      "properties": {
        "itemsHeight": "200",
        "imageWidth": "170",
        "titleMaxLines": "4",
        "leftMarginTitleBox": "10,10,10,0",
        "leftMarginSubTitleBox": "10,10,10,10"
      }
    },
    {
      "maxwidth": "1578",
      "properties": {
        "itemsHeight": "220",
        "imageWidth": "220",
        "titleMaxLines": "5",
        "leftMarginTitleBox": "12,12,12,0",
        "leftMarginSubTitleBox": "12,12,12,12"
      }
    },
    {
      "maxwidth": "*",
      "properties": {
        "itemsHeight": "250",
        "imageWidth": "250",
        "titleMaxLines": "5",
        "leftMarginTitleBox": "14,14,14,0",
        "leftMarginSubTitleBox": "14,14,14,14"
      }
    }
  ]
}